id,name,gender
p1,User1,F
p2,User2,M
p3,User3,F
p4,User4,M
p5,User5,F
p6,User6,M
p7,User7,F
p8,User8,M
p9,User9,F
p10,User10,M
p11,User11,F
p12,User12,M
p13,User13,F
p14,User14,M
p15,User15,F
p16,User16,M
p17,User17,F
p18,User18,M
p19,User19,F
p20,User20,M
p21,User21,F
p22,User22,M
p23,User23,F
p24,User24,M
p25,User25,F
p26,User26,M
p27,User27,F
p28,User28,M
p29,User29,F
p30,User30,M
p31,User31,F
p32,User32,M
p33,User33,F
p34,User34,M
p35,User35,F
p36,User36,M
p37,User37,F
p38,User38,M
p39,User39,F
p40,User40,M
p41,User41,F
p42,User42,M
p43,User43,F
p44,User44,M
p45,User45,F
p46,User46,M
p47,User47,F
p48,User48,M
p49,User49,F
p50,User50,M
p51,User51,F
p52,User52,M
p53,User53,F
p54,User54,M
p55,User55,F
p56,User56,M
p57,User57,F
p58,User58,M
p59,User59,F
p60,User60,M
p61,User61,F
p62,User62,M
p63,User63,F
p64,User64,M
p65,User65,F
p66,User66,M
p67,User67,F
p68,User68,M
p69,User69,F
p70,User70,M
p71,User71,F
p72,User72,M
p73,User73,F
p74,User74,M
p75,User75,F
p76,User76,M
p77,User77,F
p78,User78,M
p79,User79,F
p80,User80,M
p81,User81,F
p82,User82,M
p83,User83,F
p84,User84,M
p85,User85,F
p86,User86,M
p87,User87,F
p88,User88,M
p89,User89,F
p90,User90,M
p91,User91,F
p92,User92,M
p93,User93,F
p94,User94,M
p95,User95,F
p96,User96,M
p97,User97,F
p98,User98,M
p99,User99,F
p100,User100,M
p101,User101,F
p102,User102,M
p103,User103,F
p104,User104,M
p105,User105,F
p106,User106,M
p107,User107,F
p108,User108,M
p109,User109,F
p110,User110,M
p111,User111,F
p112,User112,M
p113,User113,F
p114,User114,M
p115,User115,F
p116,User116,M
p117,User117,F
p118,User118,M
p119,User119,F
p120,User120,M
p121,User121,F
p122,User122,M
p123,User123,F
p124,User124,M
p125,User125,F
p126,User126,M
p127,User127,F
p128,User128,M
p129,User129,F
p130,User130,M
p131,User131,F
p132,User132,M
p133,User133,F
p134,User134,M
p135,User135,F
p136,User136,M
p137,User137,F
p138,User138,M
p139,User139,F
p140,User140,M
p141,User141,F
p142,User142,M
p143,User143,F
p144,User144,M
p145,User145,F
p146,User146,M
p147,User147,F
p148,User148,M
p149,User149,F
p150,User150,M
p151,User151,F
p152,User152,M
p153,User153,F
p154,User154,M
p155,User155,F
p156,User156,M
p157,User157,F
p158,User158,M
p159,User159,F
p160,User160,M
p161,User161,F
p162,User162,M
p163,User163,F
p164,User164,M
p165,User165,F
p166,User166,M
p167,User167,F
p168,User168,M
p169,User169,F
p170,User170,M
p171,User171,F
p172,User172,M
p173,User173,F
p174,User174,M
p175,User175,F
p176,User176,M
p177,User177,F
p178,User178,M
p179,User179,F
p180,User180,M
p181,User181,F
p182,User182,M
p183,User183,F
p184,User184,M
p185,User185,F
p186,User186,M
p187,User187,F
p188,User188,M
p189,User189,F
p190,User190,M
p191,User191,F
p192,User192,M
p193,User193,F
p194,User194,M
p195,User195,F
p196,User196,M
p197,User197,F
p198,User198,M
p199,User199,F
p200,User200,M
p201,User201,F
p202,User202,M
p203,User203,F
p204,User204,M
p205,User205,F
p206,User206,M
p207,User207,F
p208,User208,M
p209,User209,F
p210,User210,M
p211,User211,F
p212,User212,M
p213,User213,F
p214,User214,M
p215,User215,F
p216,User216,M
p217,User217,F
p218,User218,M
p219,User219,F
p220,User220,M
p221,User221,F
p222,User222,M
p223,User223,F
p224,User224,M
p225,User225,F
p226,User226,M
p227,User227,F
p228,User228,M
p229,User229,F
p230,User230,M
p231,User231,F
p232,User232,M
p233,User233,F
p234,User234,M
p235,User235,F
p236,User236,M
p237,User237,F
p238,User238,M
p239,User239,F
p240,User240,M
p241,User241,F
p242,User242,M
p243,User243,F
p244,User244,M
p245,User245,F
p246,User246,M
p247,User247,F
p248,User248,M
p249,User249,F
p250,User250,M
p251,User251,F
p252,User252,M
p253,User253,F
p254,User254,M
p255,User255,F
p256,User256,M
p257,User257,F
p258,User258,M
p259,User259,F
p260,User260,M
p261,User261,F
p262,User262,M
p263,User263,F
p264,User264,M
p265,User265,F
p266,User266,M
p267,User267,F
p268,User268,M
p269,User269,F
p270,User270,M
p271,User271,F
p272,User272,M
p273,User273,F
p274,User274,M
p275,User275,F
p276,User276,M
p277,User277,F
p278,User278,M
p279,User279,F
p280,User280,M
p281,User281,F
p282,User282,M
p283,User283,F
p284,User284,M
p285,User285,F
p286,User286,M
p287,User287,F
p288,User288,M
p289,User289,F
p290,User290,M
p291,User291,F
p292,User292,M
p293,User293,F
p294,User294,M
p295,User295,F
p296,User296,M
p297,User297,F
p298,User298,M
p299,User299,F
p300,User300,M
p301,User301,F
p302,User302,M
p303,User303,F
p304,User304,M
p305,User305,F
p306,User306,M
p307,User307,F
p308,User308,M
p309,User309,F
p310,User310,M
p311,User311,F
p312,User312,M
p313,User313,F
p314,User314,M
p315,User315,F
p316,User316,M
p317,User317,F
p318,User318,M
p319,User319,F
p320,User320,M
p321,User321,F
p322,User322,M
p323,User323,F
p324,User324,M
p325,User325,F
p326,User326,M
p327,User327,F
p328,User328,M
p329,User329,F
p330,User330,M
p331,User331,F
p332,User332,M
p333,User333,F
p334,User334,M
p335,User335,F
p336,User336,M
p337,User337,F
p338,User338,M
p339,User339,F
p340,User340,M
p341,User341,F
p342,User342,M
p343,User343,F
p344,User344,M
p345,User345,F
p346,User346,M
p347,User347,F
p348,User348,M
p349,User349,F
p350,User350,M
p351,User351,F
p352,User352,M
p353,User353,F
p354,User354,M
p355,User355,F
p356,User356,M
p357,User357,F
p358,User358,M
p359,User359,F
p360,User360,M
p361,User361,F
p362,User362,M
p363,User363,F
p364,User364,M
p365,User365,F
p366,User366,M
p367,User367,F
p368,User368,M
p369,User369,F
p370,User370,M
p371,User371,F
p372,User372,M
p373,User373,F
p374,User374,M
p375,User375,F
p376,User376,M
p377,User377,F
p378,User378,M
p379,User379,F
p380,User380,M
p381,User381,F
p382,User382,M
p383,User383,F
p384,User384,M
p385,User385,F
p386,User386,M
p387,User387,F
p388,User388,M
p389,User389,F
p390,User390,M
p391,User391,F
p392,User392,M
p393,User393,F
p394,User394,M
p395,User395,F
p396,User396,M
p397,User397,F
p398,User398,M
p399,User399,F
p400,User400,M
p401,User401,F
p402,User402,M
p403,User403,F
p404,User404,M
p405,User405,F
p406,User406,M
p407,User407,F
p408,User408,M
p409,User409,F
p410,User410,M
p411,User411,F
p412,User412,M
p413,User413,F
p414,User414,M
p415,User415,F
p416,User416,M
p417,User417,F
p418,User418,M
p419,User419,F
p420,User420,M
p421,User421,F
p422,User422,M
p423,User423,F
p424,User424,M
p425,User425,F
p426,User426,M
p427,User427,F
p428,User428,M
p429,User429,F
p430,User430,M
p431,User431,F
p432,User432,M
p433,User433,F
p434,User434,M
p435,User435,F
p436,User436,M
p437,User437,F
p438,User438,M
p439,User439,F
p440,User440,M
p441,User441,F
p442,User442,M
p443,User443,F
p444,User444,M
p445,User445,F
p446,User446,M
p447,User447,F
p448,User448,M
p449,User449,F
p450,User450,M
p451,User451,F
p452,User452,M
p453,User453,F
p454,User454,M
p455,User455,F
p456,User456,M
p457,User457,F
p458,User458,M
p459,User459,F
p460,User460,M
p461,User461,F
p462,User462,M
p463,User463,F
p464,User464,M
p465,User465,F
p466,User466,M
p467,User467,F
p468,User468,M
p469,User469,F
p470,User470,M
p471,User471,F
p472,User472,M
p473,User473,F
p474,User474,M
p475,User475,F
p476,User476,M
p477,User477,F
p478,User478,M
p479,User479,F
p480,User480,M
p481,User481,F
p482,User482,M
p483,User483,F
p484,User484,M
p485,User485,F
p486,User486,M
p487,User487,F
p488,User488,M
p489,User489,F
p490,User490,M
p491,User491,F
p492,User492,M
p493,User493,F
p494,User494,M
p495,User495,F
p496,User496,M
p497,User497,F
p498,User498,M
p499,User499,F
p500,User500,M
p501,User501,F
p502,User502,M
p503,User503,F
p504,User504,M
p505,User505,F
p506,User506,M
p507,User507,F
p508,User508,M
p509,User509,F
p510,User510,M
p511,User511,F
p512,User512,M
p513,User513,F
p514,User514,M
p515,User515,F
p516,User516,M
p517,User517,F
p518,User518,M
p519,User519,F
p520,User520,M
p521,User521,F
p522,User522,M
p523,User523,F
p524,User524,M
p525,User525,F
p526,User526,M
p527,User527,F
p528,User528,M
p529,User529,F
p530,User530,M
p531,User531,F
p532,User532,M
p533,User533,F
p534,User534,M
p535,User535,F
p536,User536,M
p537,User537,F
p538,User538,M
p539,User539,F
p540,User540,M
p541,User541,F
p542,User542,M
p543,User543,F
p544,User544,M
p545,User545,F
p546,User546,M
p547,User547,F
p548,User548,M
p549,User549,F
p550,User550,M
p551,User551,F
p552,User552,M
p553,User553,F
p554,User554,M
p555,User555,F
p556,User556,M
p557,User557,F
p558,User558,M
p559,User559,F
p560,User560,M
p561,User561,F
p562,User562,M
p563,User563,F
p564,User564,M
p565,User565,F
p566,User566,M
p567,User567,F
p568,User568,M
p569,User569,F
p570,User570,M
p571,User571,F
p572,User572,M
p573,User573,F
p574,User574,M
p575,User575,F
p576,User576,M
p577,User577,F
p578,User578,M
p579,User579,F
p580,User580,M
p581,User581,F
p582,User582,M
p583,User583,F
p584,User584,M
p585,User585,F
p586,User586,M
p587,User587,F
p588,User588,M
p589,User589,F
p590,User590,M
p591,User591,F
p592,User592,M
p593,User593,F
p594,User594,M
p595,User595,F
p596,User596,M
p597,User597,F
p598,User598,M
p599,User599,F
p600,User600,M
p601,User601,F
p602,User602,M
p603,User603,F
p604,User604,M
p605,User605,F
p606,User606,M
p607,User607,F
p608,User608,M
p609,User609,F
p610,User610,M
p611,User611,F
p612,User612,M
p613,User613,F
p614,User614,M
p615,User615,F
p616,User616,M
p617,User617,F
p618,User618,M
p619,User619,F
p620,User620,M
p621,User621,F
p622,User622,M
p623,User623,F
p624,User624,M
p625,User625,F
p626,User626,M
p627,User627,F
p628,User628,M
p629,User629,F
p630,User630,M
p631,User631,F
p632,User632,M
p633,User633,F
p634,User634,M
p635,User635,F
p636,User636,M
p637,User637,F
p638,User638,M
p639,User639,F
p640,User640,M
p641,User641,F
p642,User642,M
p643,User643,F
p644,User644,M
p645,User645,F
p646,User646,M
p647,User647,F
p648,User648,M
p649,User649,F
p650,User650,M
p651,User651,F
p652,User652,M
p653,User653,F
p654,User654,M
p655,User655,F
p656,User656,M
p657,User657,F
p658,User658,M
p659,User659,F
p660,User660,M
p661,User661,F
p662,User662,M
p663,User663,F
p664,User664,M
p665,User665,F
p666,User666,M
p667,User667,F
p668,User668,M
p669,User669,F
p670,User670,M
p671,User671,F
p672,User672,M
p673,User673,F
p674,User674,M
p675,User675,F
p676,User676,M
p677,User677,F
p678,User678,M
p679,User679,F
p680,User680,M
p681,User681,F
p682,User682,M
p683,User683,F
p684,User684,M
p685,User685,F
p686,User686,M
p687,User687,F
p688,User688,M
p689,User689,F
p690,User690,M
p691,User691,F
p692,User692,M
p693,User693,F
p694,User694,M
p695,User695,F
p696,User696,M
p697,User697,F
p698,User698,M
p699,User699,F
p700,User700,M
p701,User701,F
p702,User702,M
p703,User703,F
p704,User704,M
p705,User705,F
p706,User706,M
p707,User707,F
p708,User708,M
p709,User709,F
p710,User710,M
p711,User711,F
p712,User712,M
p713,User713,F
p714,User714,M
p715,User715,F
p716,User716,M
p717,User717,F
p718,User718,M
p719,User719,F
p720,User720,M
p721,User721,F
p722,User722,M
p723,User723,F
p724,User724,M
p725,User725,F
p726,User726,M
p727,User727,F
p728,User728,M
p729,User729,F
p730,User730,M
p731,User731,F
p732,User732,M
p733,User733,F
p734,User734,M
p735,User735,F
p736,User736,M
p737,User737,F
p738,User738,M
p739,User739,F
p740,User740,M
p741,User741,F
p742,User742,M
p743,User743,F
p744,User744,M
p745,User745,F
p746,User746,M
p747,User747,F
p748,User748,M
p749,User749,F
p750,User750,M
p751,User751,F
p752,User752,M
p753,User753,F
p754,User754,M
p755,User755,F
p756,User756,M
p757,User757,F
p758,User758,M
p759,User759,F
p760,User760,M
p761,User761,F
p762,User762,M
p763,User763,F
p764,User764,M
p765,User765,F
p766,User766,M
p767,User767,F
p768,User768,M
p769,User769,F
p770,User770,M
p771,User771,F
p772,User772,M
p773,User773,F
p774,User774,M
p775,User775,F
p776,User776,M
p777,User777,F
p778,User778,M
p779,User779,F
p780,User780,M
p781,User781,F
p782,User782,M
p783,User783,F
p784,User784,M
p785,User785,F
p786,User786,M
p787,User787,F
p788,User788,M
p789,User789,F
p790,User790,M
p791,User791,F
p792,User792,M
p793,User793,F
p794,User794,M
p795,User795,F
p796,User796,M
p797,User797,F
p798,User798,M
p799,User799,F
p800,User800,M
p801,User801,F
p802,User802,M
p803,User803,F
p804,User804,M
p805,User805,F
p806,User806,M
p807,User807,F
p808,User808,M
p809,User809,F
p810,User810,M
p811,User811,F
p812,User812,M
p813,User813,F
p814,User814,M
p815,User815,F
p816,User816,M
p817,User817,F
p818,User818,M
p819,User819,F
p820,User820,M
p821,User821,F
p822,User822,M
p823,User823,F
p824,User824,M
p825,User825,F
p826,User826,M
p827,User827,F
p828,User828,M
p829,User829,F
p830,User830,M
p831,User831,F
p832,User832,M
p833,User833,F
p834,User834,M
p835,User835,F
p836,User836,M
p837,User837,F
p838,User838,M
p839,User839,F
p840,User840,M
p841,User841,F
p842,User842,M
p843,User843,F
p844,User844,M
p845,User845,F
p846,User846,M
p847,User847,F
p848,User848,M
p849,User849,F
p850,User850,M
p851,User851,F
p852,User852,M
p853,User853,F
p854,User854,M
p855,User855,F
p856,User856,M
p857,User857,F
p858,User858,M
p859,User859,F
p860,User860,M
p861,User861,F
p862,User862,M
p863,User863,F
p864,User864,M
p865,User865,F
p866,User866,M
p867,User867,F
p868,User868,M
p869,User869,F
p870,User870,M
p871,User871,F
p872,User872,M
p873,User873,F
p874,User874,M
p875,User875,F
p876,User876,M
p877,User877,F
p878,User878,M
p879,User879,F
p880,User880,M
p881,User881,F
p882,User882,M
p883,User883,F
p884,User884,M
p885,User885,F
p886,User886,M
p887,User887,F
p888,User888,M
p889,User889,F
p890,User890,M
p891,User891,F
p892,User892,M
p893,User893,F
p894,User894,M
p895,User895,F
p896,User896,M
p897,User897,F
p898,User898,M
p899,User899,F
p900,User900,M
p901,User901,F
p902,User902,M
p903,User903,F
p904,User904,M
p905,User905,F
p906,User906,M
p907,User907,F
p908,User908,M
p909,User909,F
p910,User910,M
p911,User911,F
p912,User912,M
p913,User913,F
p914,User914,M
p915,User915,F
p916,User916,M
p917,User917,F
p918,User918,M
p919,User919,F
p920,User920,M
p921,User921,F
p922,User922,M
p923,User923,F
p924,User924,M
p925,User925,F
p926,User926,M
p927,User927,F
p928,User928,M
p929,User929,F
p930,User930,M
p931,User931,F
p932,User932,M
p933,User933,F
p934,User934,M
p935,User935,F
p936,User936,M
p937,User937,F
p938,User938,M
p939,User939,F
p940,User940,M
p941,User941,F
p942,User942,M
p943,User943,F
p944,User944,M
p945,User945,F
p946,User946,M
p947,User947,F
p948,User948,M
p949,User949,F
p950,User950,M
p951,User951,F
p952,User952,M
p953,User953,F
p954,User954,M
p955,User955,F
p956,User956,M
p957,User957,F
p958,User958,M
p959,User959,F
p960,User960,M
p961,User961,F
p962,User962,M
p963,User963,F
p964,User964,M
p965,User965,F
p966,User966,M
p967,User967,F
p968,User968,M
p969,User969,F
p970,User970,M
p971,User971,F
p972,User972,M
p973,User973,F
p974,User974,M
p975,User975,F
p976,User976,M
p977,User977,F
p978,User978,M
p979,User979,F
p980,User980,M
p981,User981,F
p982,User982,M
p983,User983,F
p984,User984,M
p985,User985,F
p986,User986,M
p987,User987,F
p988,User988,M
p989,User989,F
p990,User990,M
p991,User991,F
p992,User992,M
p993,User993,F
p994,User994,M
p995,User995,F
p996,User996,M
p997,User997,F
p998,User998,M
p999,User999,F
p1000,User1000,M
